1;1000000;1;1;0.980106;0.018067;0.081538;0.549568;0.079030
1;1000000;1001;1;0.760914;0.018006;0.080841;0.331538;0.078710
1;1000000;2001;1;0.744795;0.018049;0.081299;0.314270;0.079029
1;1000000;3001;1;0.731015;0.018023;0.082941;0.298408;0.079263
1;1000000;4001;1;0.821778;0.018033;0.083692;0.291751;0.079187
1;1000000;5001;1;0.825608;0.018321;0.084676;0.286970;0.079656
1;1000000;6001;1;0.822172;0.018308;0.084671;0.283604;0.079866
1;1000000;7001;1;0.823779;0.018151;0.085047;0.283761;0.079925
1;1000000;8001;1;0.819499;0.018124;0.085384;0.280092;0.079930
1;1000000;9001;1;0.717346;0.018031;0.085930;0.277539;0.080249
1;1000000;10001;1;0.716259;0.018028;0.085969;0.276240;0.080180
1;1000000;11001;1;0.718491;0.018566;0.086553;0.276558;0.080246
1;1000000;12001;1;0.717707;0.018040;0.086604;0.276298;0.080427
1;1000000;13001;1;0.720343;0.018007;0.087182;0.277255;0.080403
1;1000000;14001;1;0.720405;0.018037;0.087785;0.277506;0.080502
1;1000000;15001;1;0.721438;0.018366;0.087778;0.277165;0.080550
1;1000000;16001;1;0.720679;0.018040;0.087592;0.276670;0.080617
1;1000000;17001;1;0.724101;0.018034;0.088832;0.277064;0.080711
1;1000000;18001;1;0.721903;0.018317;0.088353;0.275925;0.080935
1;1000000;19001;1;0.723560;0.018100;0.088721;0.276326;0.080850
1;1000000;20001;1;0.723573;0.018018;0.088699;0.276686;0.081097
1;1000000;21001;1;0.727223;0.018045;0.089575;0.277567;0.081290
1;1000000;22001;1;0.727381;0.018022;0.089443;0.278541;0.081358
1;1000000;23001;1;0.731810;0.018036;0.090185;0.280206;0.081791
1;1000000;24001;1;0.730950;0.018036;0.089612;0.280778;0.081480
1;1000000;25001;1;0.734281;0.018046;0.090401;0.282186;0.081703
1;1000000;26001;1;0.734903;0.018025;0.090159;0.283171;0.081662
1;1000000;27001;1;0.738589;0.018025;0.091275;0.284340;0.081832
1;1000000;28001;1;0.738791;0.018318;0.090792;0.285025;0.082038
1;1000000;29001;1;0.742096;0.018043;0.091438;0.286450;0.082004
1;1000000;30001;1;0.741175;0.018040;0.091099;0.286537;0.082122
1;1000000;31001;1;0.744723;0.018027;0.092164;0.287949;0.082273
1;1000000;32001;1;0.745693;0.018042;0.092282;0.288393;0.082412
1;1000000;33001;1;0.747442;0.018041;0.092591;0.289498;0.082409
1;1000000;34001;1;0.748357;0.018052;0.092684;0.289878;0.082490
1;1000000;35001;1;0.750426;0.018044;0.092931;0.291013;0.082581
1;1000000;36001;1;0.750574;0.018035;0.092851;0.291394;0.082691
1;1000000;37001;1;0.753918;0.018339;0.093470;0.292658;0.082804
1;1000000;38001;1;0.755470;0.018026;0.092811;0.293856;0.083405
1;1000000;39001;1;0.757754;0.018178;0.093275;0.294838;0.083461
1;1000000;40001;1;0.759660;0.018123;0.094189;0.296067;0.083451
1;1000000;41001;1;0.759983;0.018021;0.093543;0.297053;0.083241
1;1000000;42001;1;0.762969;0.018030;0.094280;0.298509;0.083417
1;1000000;43001;1;0.763637;0.018024;0.094055;0.299296;0.083472
1;1000000;44001;1;0.766958;0.018070;0.094403;0.301004;0.083968
1;1000000;45001;1;0.767805;0.018334;0.094300;0.301866;0.083729
1;1000000;46001;1;0.770448;0.018043;0.094969;0.303548;0.083798
1;1000000;47001;1;0.772378;0.018307;0.094641;0.304794;0.083963
1;1000000;48001;1;0.774302;0.018039;0.095318;0.306069;0.083983
1;1000000;49001;1;0.776638;0.018023;0.095096;0.307515;0.084155
1;1000000;50001;1;0.780122;0.018033;0.095623;0.309200;0.084341
1;1000000;51001;1;0.779127;0.018031;0.095312;0.309858;0.084309
1;1000000;52001;1;0.782039;0.018029;0.095746;0.311400;0.084420
1;1000000;53001;1;0.783417;0.018022;0.095600;0.312511;0.084650
1;1000000;54001;1;0.786269;0.018010;0.096351;0.314137;0.084611
1;1000000;55001;1;0.788705;0.018349;0.096057;0.315309;0.084835
1;1000000;56001;1;0.791603;0.018048;0.096655;0.317180;0.084964
1;1000000;57001;1;0.791108;0.018035;0.096313;0.317830;0.084860
1;1000000;58001;1;0.792561;0.018059;0.096092;0.319044;0.085057
1;1000000;59001;1;0.796989;0.018029;0.097134;0.320734;0.085300
1;1000000;60001;1;0.797485;0.018031;0.096787;0.321768;0.085333
1;1000000;61001;1;0.800008;0.017969;0.097253;0.323420;0.085358
1;1000000;62001;1;0.802923;0.018078;0.096906;0.324215;0.086057
1;1000000;63001;1;0.805164;0.018030;0.098508;0.325971;0.085611
1;1000000;64001;1;0.804397;0.018025;0.097240;0.326775;0.085736
1;1000000;65001;1;0.807980;0.018317;0.097748;0.328616;0.085752
1;1000000;66001;1;0.808829;0.018047;0.097386;0.329643;0.085997
1;1000000;67001;1;0.812627;0.018021;0.098210;0.331367;0.086093
1;1000000;68001;1;0.813837;0.018025;0.098457;0.332246;0.086293
1;1000000;69001;1;0.815707;0.018025;0.098823;0.333771;0.086138
1;1000000;70001;1;0.816551;0.018036;0.098192;0.334553;0.086251
1;1000000;71001;1;0.819799;0.018033;0.098540;0.336539;0.086465
1;1000000;72001;1;0.820534;0.018024;0.098382;0.337542;0.086496
1;1000000;73001;1;0.824110;0.018032;0.099084;0.339203;0.086836
1;1000000;74001;1;0.825572;0.018027;0.098472;0.341240;0.086729
1;1000000;75001;1;0.827534;0.018077;0.099224;0.341685;0.086826
1;1000000;76001;1;0.828368;0.018039;0.099182;0.342498;0.086944
1;1000000;77001;1;0.830870;0.018047;0.099178;0.344188;0.086990
1;1000000;78001;1;0.833611;0.018033;0.099803;0.345832;0.087185
1;1000000;79001;1;0.835461;0.018021;0.099563;0.346973;0.087314
1;1000000;80001;1;0.838385;0.018086;0.099964;0.349421;0.087355
1;1000000;81001;1;0.838501;0.018048;0.099726;0.349309;0.087506
1;1000000;82001;1;0.841752;0.018029;0.100551;0.351292;0.087585
1;1000000;83001;1;0.842283;0.018336;0.099693;0.352386;0.087660
1;1000000;84001;1;0.846080;0.018006;0.101078;0.354026;0.087830
1;1000000;85001;1;0.847071;0.018029;0.099851;0.355324;0.088172
1;1000000;86001;1;0.849748;0.018041;0.100840;0.356902;0.088147
1;1000000;87001;1;0.850867;0.018020;0.100227;0.358370;0.088026
1;1000000;88001;1;0.854012;0.018029;0.101073;0.359774;0.088157
1;1000000;89001;1;0.854519;0.018353;0.100478;0.361007;0.088277
1;1000000;90001;1;0.858059;0.018326;0.101398;0.362718;0.088364
1;1000000;91001;1;0.858898;0.018034;0.100822;0.363876;0.088693
1;1000000;92001;1;0.860792;0.018066;0.101048;0.365157;0.088635
1;1000000;93001;1;0.864794;0.018028;0.101445;0.367123;0.089116
1;1000000;94001;1;0.865447;0.018016;0.101513;0.368327;0.088785
1;1000000;95001;1;0.869305;0.018041;0.102231;0.370097;0.088959
1;1000000;96001;1;0.868901;0.018021;0.101600;0.371091;0.088984
1;1000000;97001;1;0.872107;0.018370;0.101909;0.372874;0.089099
1;1000000;98001;1;0.874512;0.018029;0.101924;0.374471;0.089670
1;1000000;99001;1;0.925582;0.018148;0.118170;0.375828;0.106427
1;1000000;100001;1;0.877684;0.018340;0.101890;0.377091;0.089366
1;1000000;101001;1;0.881214;0.018069;0.103085;0.378850;0.089521
1;1000000;102001;1;0.882318;0.018012;0.102507;0.379884;0.089777
1;1000000;103001;1;0.884712;0.018050;0.102408;0.381629;0.089839
1;1000000;104001;1;0.887178;0.018012;0.103490;0.383107;0.089849
1;1000000;105001;1;0.889009;0.017990;0.102597;0.384744;0.090058
1;1000000;106001;1;0.892626;0.018033;0.103920;0.386142;0.090278
1;1000000;107001;1;0.893007;0.018332;0.103044;0.387517;0.090108
1;1000000;108001;1;0.896020;0.018314;0.103826;0.389104;0.090299
1;1000000;109001;1;0.897044;0.017999;0.103037;0.390315;0.090390
1;1000000;110001;1;0.899671;0.018005;0.103891;0.392016;0.090560
1;1000000;111001;1;0.900546;0.018002;0.103389;0.393329;0.090762
1;1000000;112001;1;0.903922;0.018032;0.104037;0.395119;0.090742
1;1000000;113001;1;0.905058;0.017988;0.103994;0.396436;0.090784
1;1000000;114001;1;0.908777;0.018317;0.104436;0.398238;0.090913
1;1000000;115001;1;0.909711;0.018024;0.104576;0.399063;0.091044
1;1000000;116001;1;0.912874;0.018171;0.105137;0.400964;0.091057
1;1000000;117001;1;0.913751;0.018318;0.104439;0.402293;0.091188
1;1000000;118001;1;0.917559;0.018025;0.105440;0.404178;0.091293
1;1000000;119001;1;0.917691;0.018005;0.104682;0.404923;0.091778
1;1000000;120001;1;0.921417;0.018021;0.106051;0.406875;0.091595
1;1000000;121001;1;0.921549;0.018040;0.104838;0.408091;0.091596
1;1000000;122001;1;0.925065;0.018015;0.105534;0.410023;0.091612
1;1000000;123001;1;0.925995;0.018023;0.105193;0.410933;0.091805
1;1000000;124001;1;0.929534;0.018022;0.105653;0.413166;0.091943
1;1000000;125001;1;0.930095;0.018313;0.105105;0.414090;0.091919
1;1000000;126001;1;0.934861;0.018055;0.106445;0.416141;0.092189
1;1000000;127001;1;0.934318;0.018031;0.105636;0.417123;0.092234
1;1000000;128001;1;0.937826;0.018040;0.106400;0.418811;0.092364
1;1000000;129001;1;0.938867;0.018014;0.105990;0.420208;0.092539
1;1000000;130001;1;0.941800;0.018083;0.106607;0.421682;0.092545
1;1000000;131001;1;0.942760;0.018033;0.106389;0.422919;0.092687
1;1000000;132001;1;0.945754;0.018046;0.106511;0.424766;0.092765
1;1000000;133001;1;0.946467;0.018340;0.105726;0.425714;0.092887
1;1000000;134001;1;0.951551;0.018022;0.107069;0.427671;0.093118
1;1000000;135001;1;0.951632;0.018023;0.106848;0.428979;0.093025
1;1000000;136001;1;0.958176;0.018032;0.107538;0.431137;0.095393
1;1000000;137001;1;0.956818;0.017872;0.106948;0.432320;0.093707
1;1000000;138001;1;0.958716;0.018363;0.107555;0.433597;0.093639
1;1000000;139001;1;0.959031;0.018037;0.106698;0.434944;0.093406
1;1000000;140001;1;0.962909;0.018043;0.107408;0.436625;0.093633
1;1000000;141001;1;0.964023;0.018044;0.107596;0.437755;0.093698
1;1000000;142001;1;0.967946;0.018038;0.107946;0.439997;0.093988
1;1000000;143001;1;0.969010;0.018029;0.107387;0.440630;0.093952
1;1000000;144001;1;0.971549;0.018036;0.108662;0.442513;0.093980
1;1000000;145001;1;0.971833;0.018015;0.107896;0.443531;0.094123
1;1000000;146001;1;0.974627;0.018330;0.108406;0.445538;0.093807
1;1000000;147001;1;0.976077;0.018015;0.107898;0.446897;0.094281
1;1000000;148001;1;0.979104;0.018006;0.108417;0.448502;0.094295
1;1000000;149001;1;0.980001;0.018018;0.108469;0.449375;0.094474
1;1000000;150001;1;0.983916;0.018042;0.109074;0.451293;0.094473
1;1000000;151001;1;0.984307;0.018035;0.108451;0.452285;0.094631
1;1000000;152001;1;0.982432;0.018351;0.104849;0.454037;0.094735
1;1000000;153001;1;0.985181;0.018336;0.105962;0.455369;0.094874
1;1000000;154001;1;0.990367;0.018009;0.108723;0.456523;0.095028
1;1000000;155001;1;0.994726;0.018038;0.110361;0.458599;0.095053
1;1000000;156001;1;0.992199;0.018030;0.105473;0.459829;0.096313
1;1000000;157001;1;0.998056;0.018023;0.109981;0.461570;0.095173
1;1000000;158001;1;0.998988;0.018043;0.109564;0.462575;0.095155
1;1000000;159001;1;1.001706;0.018019;0.110168;0.464131;0.095475
1;1000000;160001;1;0.998153;0.018353;0.105716;0.465391;0.095533
1;1000000;161001;1;1.004603;0.017722;0.110048;0.467017;0.095253
1;1000000;162001;1;1.002135;0.018347;0.106084;0.468042;0.095799
1;1000000;163001;1;1.010375;0.018052;0.110303;0.470004;0.095884
1;1000000;164001;1;1.007548;0.018316;0.106369;0.472267;0.095937
1;1000000;165001;1;1.014163;0.018026;0.110793;0.472758;0.096086
1;1000000;166001;1;1.014615;0.018026;0.110439;0.473865;0.096168
1;1000000;167001;1;1.017878;0.018018;0.110873;0.475487;0.096401
1;1000000;168001;1;1.014891;0.018016;0.106541;0.476633;0.096529
1;1000000;169001;1;1.025605;0.018012;0.114402;0.478359;0.096503
1;1000000;170001;1;1.022629;0.018047;0.111012;0.479510;0.096563
1;1000000;171001;1;1.026533;0.018022;0.111275;0.481633;0.096322
1;1000000;172001;1;1.022098;0.018329;0.107016;0.482371;0.096678
1;1000000;173001;1;1.030679;0.018020;0.111722;0.485146;0.096514
1;1000000;174001;1;1.030840;0.018048;0.111301;0.485270;0.097103
1;1000000;175001;1;1.029625;0.018030;0.107767;0.486902;0.097177
1;1000000;176001;1;1.030865;0.018472;0.107544;0.488254;0.097194
1;1000000;177001;1;1.037734;0.018030;0.112195;0.489530;0.096830
1;1000000;178001;1;1.034739;0.018311;0.107956;0.490938;0.097412
1;1000000;179001;1;1.041545;0.018021;0.112344;0.492524;0.097009
1;1000000;180001;1;1.042385;0.018020;0.111691;0.493509;0.097243
1;1000000;181001;1;1.045109;0.018029;0.112758;0.494729;0.097233
1;1000000;182001;1;1.046876;0.018021;0.112313;0.496691;0.097858
1;1000000;183001;1;1.046225;0.018568;0.108594;0.498607;0.098015
1;1000000;184001;1;1.046556;0.018016;0.108322;0.499291;0.098079
1;1000000;185001;1;1.052772;0.018023;0.113090;0.500293;0.097663
1;1000000;186001;1;1.053894;0.017358;0.113267;0.501558;0.098089
1;1000000;187001;1;1.057771;0.018023;0.113274;0.502916;0.098355
1;1000000;188001;1;1.058486;0.018022;0.112445;0.504311;0.098417
1;1000000;189001;1;1.059772;0.018029;0.113401;0.505574;0.098061
1;1000000;190001;1;1.057342;0.018002;0.108728;0.506730;0.098646
1;1000000;191001;1;1.060399;0.018323;0.109707;0.508146;0.098813
1;1000000;192001;1;1.065472;0.018019;0.113290;0.509231;0.098427
1;1000000;193001;1;1.067451;0.018018;0.113999;0.511104;0.098461
1;1000000;194001;1;1.064780;0.018000;0.109142;0.511930;0.099046
1;1000000;195001;1;1.072011;0.018017;0.114358;0.513249;0.098894
1;1000000;196001;1;1.072801;0.018010;0.113919;0.514607;0.098971
1;1000000;197001;1;1.071097;0.018331;0.110039;0.515750;0.099330
1;1000000;198001;1;1.071696;0.018009;0.109622;0.516632;0.099467
1;1000000;199001;1;1.078865;0.018028;0.114215;0.518590;0.099090
1;1000000;200001;1;1.075444;0.018022;0.109540;0.519310;0.099698
1;1000000;201001;1;1.078157;0.018042;0.109743;0.520723;0.099835
1;1000000;202001;1;1.083799;0.018011;0.114727;0.521826;0.099415
1;1000000;203001;1;1.085360;0.018067;0.114621;0.523168;0.099582
1;1000000;204001;1;1.082294;0.018352;0.110265;0.524387;0.099668
1;1000000;205001;1;1.090717;0.018008;0.115202;0.525839;0.100000
1;1000000;206001;1;1.090309;0.018020;0.114614;0.526863;0.099857
1;1000000;207001;1;1.090223;0.018038;0.111105;0.528755;0.100287
1;1000000;208001;1;1.090417;0.018065;0.110054;0.529684;0.100519
1;1000000;209001;1;1.097252;0.018021;0.116088;0.530588;0.100191
1;1000000;210001;1;1.093267;0.018008;0.110045;0.531632;0.100742
1;1000000;211001;1;1.095980;0.018048;0.110679;0.533009;0.100787
1;1000000;212001;1;1.097327;0.018314;0.111087;0.534366;0.100475
1;1000000;213001;1;1.098451;0.018335;0.111024;0.534832;0.100584
1;1000000;214001;1;1.106301;0.018027;0.116302;0.536676;0.100758
1;1000000;215001;1;1.101570;0.018305;0.110676;0.537893;0.100736
1;1000000;216001;1;1.113683;0.018146;0.111732;0.546167;0.101622
1;1000000;217001;1;1.110187;0.018033;0.115898;0.540082;0.100945
1;1000000;218001;1;1.108001;0.018008;0.111709;0.541463;0.101014
1;1000000;219001;1;1.108841;0.018315;0.111582;0.542290;0.101244
1;1000000;220001;1;1.117168;0.018015;0.112031;0.543434;0.102028
1;1000000;221001;1;1.140473;0.018012;0.122108;0.554768;0.101530
1;1000000;222001;1;1.114979;0.018055;0.112051;0.545975;0.101874
1;1000000;223001;1;1.116412;0.018019;0.111935;0.547052;0.102004
1;1000000;224001;1;1.117881;0.018020;0.111429;0.548034;0.102135
1;1000000;225001;1;1.119668;0.018029;0.112372;0.549306;0.101625
1;1000000;226001;1;1.120208;0.018045;0.111455;0.550169;0.101852
1;1000000;227001;1;1.123327;0.018007;0.112724;0.551386;0.102454
1;1000000;228001;1;1.127774;0.018012;0.116470;0.551949;0.102035
1;1000000;229001;1;1.131483;0.018019;0.117595;0.553637;0.102158
1;1000000;230001;1;1.126752;0.018030;0.112267;0.554292;0.102654
1;1000000;231001;1;1.134426;0.018020;0.117400;0.555608;0.102546
1;1000000;232001;1;1.130934;0.018035;0.112157;0.556922;0.102740
1;1000000;233001;1;1.133378;0.018032;0.112803;0.557984;0.103072
1;1000000;234001;1;1.137846;0.018045;0.113601;0.559800;0.102636
1;1000000;235001;1;1.135492;0.018022;0.112792;0.559952;0.102829
1;1000000;236001;1;1.138552;0.017907;0.113459;0.561224;0.102988
1;1000000;237001;1;1.138578;0.018012;0.112957;0.562205;0.103450
1;1000000;238001;1;1.141492;0.018013;0.113108;0.563601;0.103130
1;1000000;239001;1;1.140572;0.018335;0.112798;0.563802;0.103163
1;1000000;240001;1;1.147370;0.018021;0.113574;0.565462;0.105913
1;1000000;241001;1;1.144115;0.018318;0.113043;0.565852;0.103430
1;1000000;242001;1;1.146035;0.018034;0.113477;0.567209;0.103461
1;1000000;243001;1;1.152513;0.018023;0.118386;0.567833;0.103498
1;1000000;244001;1;1.150721;0.018007;0.114345;0.569399;0.104009
1;1000000;245001;1;1.150654;0.018547;0.113302;0.569926;0.103865
1;1000000;246001;1;1.154649;0.018388;0.114113;0.571125;0.104289
1;1000000;247001;1;1.153530;0.018035;0.113575;0.571670;0.104274
1;1000000;248001;1;1.161310;0.018031;0.119421;0.572920;0.104129
1;1000000;249001;1;1.156695;0.018125;0.113707;0.573921;0.104256
1;1000000;250001;1;1.159301;0.018008;0.114699;0.575155;0.104168
1;1000000;251001;1;1.160221;0.018056;0.113513;0.575737;0.104393
1;1000000;252001;1;1.161682;0.018027;0.114454;0.577082;0.104531
1;1000000;253001;1;1.161956;0.018016;0.113644;0.577481;0.104603
1;1000000;254001;1;1.165832;0.018032;0.114876;0.579005;0.104719
1;1000000;255001;1;1.165566;0.018311;0.114105;0.579657;0.104755
1;1000000;256001;1;1.168672;0.018023;0.114552;0.580915;0.104931
1;1000000;257001;1;1.169753;0.018023;0.114528;0.582149;0.105252
1;1000000;258001;1;1.171908;0.018108;0.115420;0.582613;0.105201
1;1000000;259001;1;1.171066;0.018010;0.114085;0.583504;0.105196
1;1000000;260001;1;1.173568;0.018004;0.115009;0.584216;0.105338
1;1000000;261001;1;1.174645;0.017993;0.114619;0.585530;0.105326
1;1000000;262001;1;1.177563;0.018009;0.115433;0.586170;0.105685
1;1000000;263001;1;1.177573;0.018298;0.114656;0.586937;0.105840
1;1000000;264001;1;1.179702;0.018124;0.115312;0.587965;0.105811
1;1000000;265001;1;1.179858;0.018025;0.114500;0.588768;0.105918
1;1000000;266001;1;1.183017;0.018297;0.115822;0.589442;0.105957
1;1000000;267001;1;1.182775;0.018021;0.114967;0.590515;0.105956
1;1000000;268001;1;1.185116;0.018032;0.115632;0.591494;0.106147
1;1000000;269001;1;1.185537;0.018019;0.115180;0.592378;0.106299
1;1000000;270001;1;1.188208;0.018024;0.115913;0.593420;0.106320
1;1000000;271001;1;1.188839;0.018033;0.115826;0.593905;0.106441
1;1000000;272001;1;1.191678;0.018021;0.116292;0.595300;0.106554
1;1000000;273001;1;1.192080;0.018005;0.115749;0.596141;0.106651
1;1000000;274001;1;1.190008;0.018322;0.112242;0.596558;0.106841
1;1000000;275001;1;1.193715;0.018013;0.115747;0.597085;0.106900
1;1000000;276001;1;1.196094;0.018003;0.116281;0.598001;0.106938
1;1000000;277001;1;1.196123;0.018015;0.115595;0.598746;0.107107
1;1000000;278001;1;1.195583;0.018358;0.112389;0.600271;0.107497
1;1000000;279001;1;1.199778;0.018040;0.115779;0.600490;0.107496
1;1000000;280001;1;1.201049;0.018013;0.116099;0.601648;0.107471
1;1000000;281001;1;1.203031;0.018036;0.116865;0.602291;0.107497
1;1000000;282001;1;1.202986;0.018014;0.116026;0.602472;0.107568
1;1000000;283001;1;1.205854;0.018021;0.116687;0.604345;0.107608
1;1000000;284001;1;1.205085;0.018030;0.116053;0.604507;0.107324
1;1000000;285001;1;1.208935;0.018027;0.117064;0.605861;0.107961
1;1000000;286001;1;1.208580;0.018026;0.116370;0.606421;0.107630
1;1000000;287001;1;1.210545;0.018002;0.117165;0.607021;0.107744
1;1000000;288001;1;1.207765;0.018307;0.113101;0.607785;0.108415
1;1000000;289001;1;1.214465;0.018018;0.117590;0.608510;0.108343
1;1000000;290001;1;1.209627;0.018403;0.112970;0.608964;0.108397
1;1000000;291001;1;1.216345;0.018072;0.117521;0.610017;0.108203
1;1000000;292001;1;1.211653;0.018319;0.112779;0.610721;0.108607
1;1000000;293001;1;1.219273;0.018006;0.117983;0.611823;0.108414
1;1000000;294001;1;1.213891;0.018316;0.112967;0.611968;0.108856
1;1000000;295001;1;1.223351;0.018022;0.118320;0.614095;0.108635
1;1000000;296001;1;1.218021;0.018322;0.113104;0.614220;0.109014
1;1000000;297001;1;1.223813;0.018006;0.117852;0.614564;0.109025
1;1000000;298001;1;1.223944;0.018024;0.117470;0.614794;0.109167
1;1000000;299001;1;1.225160;0.018068;0.117254;0.615627;0.109093
1;1000000;300001;1;1.221345;0.018350;0.113353;0.616343;0.109471
1;1000000;301001;1;1.227997;0.018074;0.118045;0.616709;0.109531
1;1000000;302001;1;1.228645;0.018026;0.117766;0.617776;0.109203
1;1000000;303001;1;1.230193;0.018007;0.118176;0.618403;0.109281
1;1000000;304001;1;1.231036;0.018013;0.117721;0.618651;0.109892
1;1000000;305001;1;1.229855;0.018012;0.114367;0.620319;0.110246
1;1000000;306001;1;1.233024;0.018009;0.118126;0.619994;0.109964
1;1000000;307001;1;1.236678;0.018040;0.118741;0.621456;0.109822
1;1000000;308001;1;1.232356;0.018007;0.113590;0.621915;0.110480
1;1000000;309001;1;1.234482;0.018316;0.114814;0.622913;0.110358
1;1000000;310001;1;1.238821;0.018057;0.118380;0.622607;0.110388
1;1000000;311001;1;1.241839;0.018028;0.119248;0.624216;0.110618
1;1000000;312001;1;1.240790;0.018020;0.118508;0.624247;0.110832
1;1000000;313001;1;1.238705;0.018311;0.114830;0.625634;0.110699
1;1000000;314001;1;1.242657;0.018002;0.118291;0.625989;0.110418
1;1000000;315001;1;1.240237;0.018333;0.115223;0.626279;0.111054
1;1000000;316001;1;1.245704;0.018023;0.119440;0.626793;0.110663
1;1000000;317001;1;1.242644;0.018293;0.115011;0.628021;0.111145
1;1000000;318001;1;1.242960;0.018010;0.114156;0.628233;0.111294
1;1000000;319001;1;1.250846;0.018011;0.119717;0.629573;0.111062
1;1000000;320001;1;1.245694;0.018329;0.114702;0.629491;0.111377
1;1000000;321001;1;1.249919;0.018047;0.118929;0.630161;0.111127
1;1000000;322001;1;1.252395;0.018008;0.119772;0.630126;0.111225
1;1000000;323001;1;1.254368;0.018153;0.119066;0.631185;0.111665
1;1000000;324001;1;1.255309;0.018041;0.119780;0.631726;0.111898
1;1000000;325001;1;1.255027;0.018083;0.119122;0.632164;0.111604
1;1000000;326001;1;1.257638;0.018023;0.119891;0.633068;0.111720
1;1000000;327001;1;1.256557;0.018031;0.119775;0.632715;0.111910
1;1000000;328001;1;1.260562;0.018022;0.120664;0.634443;0.111874
1;1000000;329001;1;1.260162;0.018012;0.119960;0.634702;0.111808
1;1000000;330001;1;1.262092;0.017998;0.120320;0.635443;0.112000
1;1000000;331001;1;1.257291;0.018881;0.115177;0.635301;0.112595
1;1000000;332001;1;1.259340;0.018018;0.115551;0.636565;0.112774
1;1000000;333001;1;1.263113;0.018071;0.120092;0.636136;0.112500
1;1000000;334001;1;1.265571;0.018020;0.120692;0.637205;0.112607
1;1000000;335001;1;1.261168;0.017997;0.115329;0.637816;0.113050
1;1000000;336001;1;1.262362;0.018304;0.116177;0.638244;0.112652
1;1000000;337001;1;1.268140;0.018035;0.119874;0.639178;0.112807
1;1000000;338001;1;1.265769;0.018029;0.116292;0.639554;0.113293
1;1000000;339001;1;1.265671;0.018023;0.115365;0.640048;0.113674
1;1000000;340001;1;1.267621;0.018032;0.116069;0.640653;0.113583
1;1000000;341001;1;1.272488;0.017880;0.120231;0.641099;0.113257
1;1000000;342001;1;1.269489;0.018011;0.116144;0.641818;0.113737
1;1000000;343001;1;1.269666;0.018087;0.115809;0.641527;0.114146
1;1000000;344001;1;1.271808;0.018325;0.116797;0.642775;0.113452
1;1000000;345001;1;1.270926;0.018320;0.116208;0.642986;0.113584
1;1000000;346001;1;1.272665;0.018016;0.116407;0.643232;0.114135
1;1000000;347001;1;1.272620;0.017992;0.115909;0.643769;0.113795
1;1000000;348001;1;1.281146;0.018110;0.122016;0.644547;0.114217
1;1000000;349001;1;1.274728;0.018026;0.115715;0.644552;0.114583
1;1000000;350001;1;1.281066;0.018177;0.121066;0.644818;0.114171
1;1000000;351001;1;1.277894;0.018313;0.117008;0.645937;0.114243
1;1000000;352001;1;1.283034;0.018012;0.121412;0.646088;0.114357
1;1000000;353001;1;1.280852;0.018032;0.117136;0.647026;0.114997
1;1000000;354001;1;1.279925;0.018053;0.116464;0.647052;0.115000
1;1000000;355001;1;1.281996;0.018010;0.117076;0.647907;0.114616
1;1000000;356001;1;1.286629;0.018038;0.121419;0.647930;0.114763
1;1000000;357001;1;1.282435;0.018401;0.116706;0.648289;0.114762
1;1000000;358001;1;1.285545;0.018315;0.117537;0.649055;0.115279
1;1000000;359001;1;1.284821;0.018303;0.116780;0.649565;0.114997
1;1000000;360001;1;1.286801;0.018026;0.117410;0.649935;0.115102
1;1000000;361001;1;1.287244;0.018312;0.117848;0.650044;0.115310
1;1000000;362001;1;1.289124;0.018013;0.117918;0.650791;0.115821
1;1000000;363001;1;1.292648;0.018036;0.122139;0.650137;0.115416
1;1000000;364001;1;1.290740;0.017976;0.117503;0.651464;0.115675
1;1000000;365001;1;1.291093;0.018011;0.116916;0.652157;0.116154
1;1000000;366001;1;1.292057;0.018008;0.117602;0.652178;0.115802
1;1000000;367001;1;1.297696;0.017996;0.122229;0.652658;0.116072
1;1000000;368001;1;1.294881;0.018002;0.118080;0.653424;0.115959
1;1000000;369001;1;1.293586;0.018015;0.117119;0.653256;0.116538
1;1000000;370001;1;1.295814;0.018054;0.118200;0.653366;0.116638
1;1000000;371001;1;1.295785;0.018049;0.117330;0.654302;0.116411
1;1000000;372001;1;1.297797;0.018314;0.118322;0.654482;0.116535
1;1000000;373001;1;1.297328;0.018071;0.117679;0.654828;0.116526
1;1000000;374001;1;1.299399;0.018026;0.118020;0.655877;0.116783
1;1000000;375001;1;1.299666;0.018029;0.117461;0.655521;0.117213
1;1000000;376001;1;1.301209;0.018036;0.118204;0.656181;0.117139
1;1000000;377001;1;1.300744;0.018315;0.117743;0.656175;0.116935
1;1000000;378001;1;1.306866;0.018010;0.120943;0.657049;0.117259
1;1000000;379001;1;1.303963;0.018408;0.118274;0.657618;0.117273
1;1000000;380001;1;1.304342;0.017885;0.118364;0.657670;0.117251
1;1000000;381001;1;1.304707;0.018318;0.118470;0.657499;0.117447
1;1000000;382001;1;1.305924;0.018142;0.118281;0.658330;0.117436
1;1000000;383001;1;1.305817;0.018014;0.118001;0.658156;0.117488
1;1000000;384001;1;1.308776;0.018002;0.119357;0.659352;0.117660
1;1000000;385001;1;1.308803;0.018022;0.118290;0.660336;0.117745
1;1000000;386001;1;1.310753;0.018018;0.118845;0.659942;0.118460
1;1000000;387001;1;1.309812;0.018130;0.118479;0.660110;0.117888
1;1000000;388001;1;1.311966;0.017947;0.119142;0.660511;0.117994
1;1000000;389001;1;1.311289;0.018424;0.118382;0.660822;0.117986
1;1000000;390001;1;1.312122;0.018029;0.118955;0.660725;0.118277
1;1000000;391001;1;1.312620;0.018336;0.118418;0.660843;0.118410
1;1000000;392001;1;1.315967;0.018060;0.119029;0.662905;0.118701
1;1000000;393001;1;1.315094;0.018295;0.118540;0.662207;0.118552
1;1000000;394001;1;1.317139;0.018018;0.119016;0.663231;0.118894
1;1000000;395001;1;1.317386;0.017997;0.119252;0.662731;0.119002
1;1000000;396001;1;1.317555;0.018080;0.119439;0.663111;0.118886
1;1000000;397001;1;1.318481;0.018023;0.119087;0.663512;0.118949
1;1000000;398001;1;1.319885;0.018021;0.119216;0.663328;0.119078
1;1000000;399001;1;1.319312;0.018011;0.119026;0.663545;0.119049
1;1000000;400001;1;1.321019;0.018315;0.119774;0.663609;0.119338
1;1000000;401001;1;1.321471;0.018026;0.119281;0.664294;0.119402
1;1000000;402001;1;1.322137;0.018328;0.119950;0.665095;0.119083
1;1000000;403001;1;1.322410;0.018027;0.119260;0.664537;0.119613
1;1000000;404001;1;1.324628;0.018008;0.120115;0.665669;0.119674
1;1000000;405001;1;1.319835;0.018320;0.115340;0.665594;0.119818
1;1000000;406001;1;1.326171;0.018020;0.120424;0.665874;0.119956
1;1000000;407001;1;1.319394;0.018333;0.115054;0.665639;0.120027
1;1000000;408001;1;1.327855;0.017999;0.120006;0.666810;0.120093
1;1000000;409001;1;1.328809;0.018142;0.119786;0.666906;0.120493
1;1000000;410001;1;1.326968;0.018045;0.119851;0.666137;0.120285
1;1000000;411001;1;1.329537;0.018010;0.120615;0.666691;0.120158
1;1000000;412001;1;1.329130;0.018024;0.119688;0.667170;0.120474
1;1000000;413001;1;1.331806;0.018028;0.120603;0.667423;0.121259
1;1000000;414001;1;1.331331;0.018014;0.120206;0.666879;0.120227
1;1000000;415001;1;1.331978;0.018026;0.120474;0.667739;0.120808
1;1000000;416001;1;1.331314;0.018005;0.119998;0.667913;0.120845
1;1000000;417001;1;1.334160;0.018018;0.120603;0.668503;0.121076
1;1000000;418001;1;1.334153;0.018045;0.119937;0.668326;0.121024
1;1000000;419001;1;1.335548;0.018022;0.121094;0.669028;0.121044
1;1000000;420001;1;1.334787;0.018014;0.120114;0.668456;0.121372
1;1000000;421001;1;1.337124;0.018015;0.120749;0.668798;0.121541
1;1000000;422001;1;1.331503;0.018310;0.116080;0.669463;0.121495
1;1000000;423001;1;1.338757;0.018022;0.120886;0.669768;0.121553
1;1000000;424001;1;1.337197;0.018023;0.120246;0.669637;0.121722
1;1000000;425001;1;1.339830;0.018022;0.121040;0.670399;0.121719
1;1000000;426001;1;1.334144;0.018405;0.116211;0.670170;0.122035
1;1000000;427001;1;1.336984;0.018356;0.116915;0.671103;0.122306
1;1000000;428001;1;1.335460;0.018319;0.116067;0.670705;0.122098
1;1000000;429001;1;1.342561;0.017987;0.121501;0.671649;0.121754
1;1000000;430001;1;1.342597;0.018033;0.120974;0.671548;0.122089
1;1000000;431001;1;1.344291;0.018014;0.121481;0.671786;0.122454
1;1000000;432001;1;1.343577;0.018077;0.121039;0.670785;0.122457
1;1000000;433001;1;1.344578;0.018014;0.121424;0.671869;0.122655
1;1000000;434001;1;1.344834;0.018001;0.121118;0.672201;0.122316
1;1000000;435001;1;1.345491;0.018020;0.121606;0.672123;0.122265
1;1000000;436001;1;1.341101;0.018317;0.116741;0.672092;0.123154
1;1000000;437001;1;1.342993;0.018340;0.117527;0.672495;0.123037
1;1000000;438001;1;1.342276;0.018312;0.116749;0.672154;0.123131
1;1000000;439001;1;1.349135;0.018021;0.122430;0.672651;0.122958
1;1000000;440001;1;1.343969;0.017998;0.116399;0.673148;0.123639
1;1000000;441001;1;1.356774;0.018030;0.122133;0.673873;0.123177
1;1000000;442001;1;1.368052;0.018021;0.123378;0.684344;0.123127
1;1000000;443001;1;1.351174;0.018029;0.122175;0.673327;0.123245
1;1000000;444001;1;1.347192;0.018327;0.117292;0.673767;0.123905
1;1000000;445001;1;1.348667;0.018006;0.117373;0.673972;0.123884
1;1000000;446001;1;1.347513;0.018309;0.117078;0.674288;0.123859
1;1000000;447001;1;1.349206;0.017999;0.117503;0.674159;0.124103
1;1000000;448001;1;1.349075;0.018273;0.117034;0.674407;0.124470
1;1000000;449001;1;1.355263;0.018010;0.122445;0.673935;0.124357
1;1000000;450001;1;1.351474;0.018324;0.117306;0.674847;0.124283
1;1000000;451001;1;1.357196;0.018015;0.122630;0.674927;0.123975
1;1000000;452001;1;1.351093;0.018325;0.117644;0.674815;0.124612
1;1000000;453001;1;1.357677;0.018013;0.122540;0.674897;0.124229
1;1000000;454001;1;1.357091;0.018014;0.122396;0.674415;0.124692
1;1000000;455001;1;1.358144;0.018066;0.122317;0.674871;0.124471
1;1000000;456001;1;1.359764;0.018013;0.123030;0.675171;0.124614
1;1000000;457001;1;1.355104;0.018003;0.117543;0.675272;0.125167
1;1000000;458001;1;1.357042;0.017972;0.117895;0.675636;0.125363
1;1000000;459001;1;1.355334;0.018013;0.117523;0.675600;0.125093
1;1000000;460001;1;1.361620;0.018030;0.122942;0.675632;0.124922
1;1000000;461001;1;1.360217;0.018006;0.122554;0.675136;0.124982
1;1000000;462001;1;1.362799;0.018035;0.123090;0.675884;0.125242
1;1000000;463001;1;1.363352;0.018076;0.123091;0.676271;0.125437
1;1000000;464001;1;1.359472;0.018002;0.118461;0.676307;0.125839
1;1000000;465001;1;1.358208;0.018011;0.117798;0.675512;0.125756
1;1000000;466001;1;1.365644;0.018094;0.123858;0.676599;0.125694
1;1000000;467001;1;1.365040;0.018000;0.122631;0.676029;0.125747
1;1000000;468001;1;1.364856;0.018045;0.122812;0.676337;0.125679
1;1000000;469001;1;1.363699;0.018090;0.118366;0.677332;0.126475
1;1000000;470001;1;1.362101;0.018006;0.118116;0.676633;0.126426
1;1000000;471001;1;1.368225;0.018017;0.123869;0.676964;0.126103
1;1000000;472001;1;1.367464;0.018016;0.123402;0.676675;0.126119
1;1000000;473001;1;1.368877;0.018017;0.123703;0.676678;0.126168
1;1000000;474001;1;1.364305;0.018011;0.118500;0.676793;0.126716
1;1000000;475001;1;1.365924;0.018463;0.119767;0.676706;0.126392
1;1000000;476001;1;1.365643;0.018014;0.118810;0.676825;0.127567
1;1000000;477001;1;1.366257;0.018009;0.119312;0.676983;0.126894
1;1000000;478001;1;1.370872;0.018094;0.123997;0.676721;0.126682
1;1000000;479001;1;1.372436;0.018017;0.124492;0.677122;0.126658
1;1000000;480001;1;1.367380;0.018004;0.118484;0.677469;0.127240
1;1000000;481001;1;1.373605;0.018019;0.124405;0.677787;0.126977
1;1000000;482001;1;1.372162;0.018054;0.123443;0.677325;0.127007
1;1000000;483001;1;1.369640;0.018044;0.119348;0.677548;0.127641
1;1000000;484001;1;1.369550;0.018399;0.119535;0.677382;0.127361
1;1000000;485001;1;1.374205;0.018043;0.123867;0.677656;0.127324
1;1000000;486001;1;1.372032;0.018075;0.119563;0.677823;0.127961
1;1000000;487001;1;1.370956;0.017999;0.119132;0.677955;0.127986
1;1000000;488001;1;1.371558;0.018011;0.119688;0.677692;0.128100
1;1000000;489001;1;1.375619;0.018010;0.123957;0.677233;0.127729
1;1000000;490001;1;1.374669;0.018019;0.119975;0.678932;0.128446
1;1000000;491001;1;1.373370;0.017998;0.119436;0.678169;0.127884
1;1000000;492001;1;1.374126;0.018011;0.119775;0.678358;0.128479
1;1000000;493001;1;1.379447;0.018120;0.124393;0.678313;0.128274
1;1000000;494001;1;1.375685;0.018016;0.119911;0.678796;0.128153
1;1000000;495001;1;1.374604;0.018018;0.119698;0.678207;0.128390
1;1000000;496001;1;1.376204;0.018320;0.120506;0.678286;0.128496
1;1000000;497001;1;1.378026;0.018012;0.119600;0.679722;0.128974
1;1000000;498001;1;1.376446;0.018044;0.119586;0.678328;0.129298
1;1000000;499001;1;1.377850;0.018314;0.120472;0.678972;0.128767
1;1000000;500001;1;1.383101;0.018015;0.125363;0.677930;0.129045
1;1000000;501001;1;1.375873;0.018006;0.119895;0.677330;0.128838
1;1000000;502001;1;1.379493;0.018015;0.120470;0.678726;0.129430
1;1000000;503001;1;1.384025;0.018070;0.124760;0.678716;0.129318
1;1000000;504001;1;1.380694;0.018028;0.120728;0.679398;0.129164
1;1000000;505001;1;1.386835;0.018003;0.124995;0.678282;0.129380
1;1000000;506001;1;1.380857;0.017994;0.120624;0.678173;0.129445
1;1000000;507001;1;1.381015;0.018012;0.120594;0.678818;0.129508
1;1000000;508001;1;1.382488;0.018017;0.121157;0.678857;0.129534
1;1000000;509001;1;1.381676;0.018367;0.120579;0.678253;0.129696
1;1000000;510001;1;1.383097;0.018022;0.120857;0.678849;0.129881
1;1000000;511001;1;1.382277;0.017989;0.120323;0.678499;0.129863
1;1000000;512001;1;1.382551;0.018050;0.120215;0.678798;0.129823
1;1000000;513001;1;1.386024;0.018014;0.121566;0.678700;0.130055
1;1000000;514001;1;1.384434;0.018301;0.121001;0.678597;0.130105
1;1000000;515001;1;1.387718;0.018006;0.120910;0.678704;0.130682
1;1000000;516001;1;1.384886;0.018002;0.120746;0.678886;0.130264
1;1000000;517001;1;1.386635;0.018014;0.121379;0.678845;0.130735
1;1000000;518001;1;1.386250;0.018002;0.121068;0.679108;0.130369
1;1000000;519001;1;1.387978;0.018311;0.121592;0.679089;0.130608
1;1000000;520001;1;1.385685;0.017990;0.120717;0.678044;0.130645
1;1000000;521001;1;1.388871;0.018004;0.121789;0.679077;0.130751
1;1000000;522001;1;1.388466;0.018006;0.121641;0.679121;0.130834
1;1000000;523001;1;1.390400;0.017997;0.122426;0.678958;0.131140
1;1000000;524001;1;1.387759;0.018059;0.121115;0.678387;0.131002
1;1000000;525001;1;1.389721;0.018013;0.121544;0.678665;0.131277
1;1000000;526001;1;1.389701;0.017997;0.121625;0.678265;0.131374
1;1000000;527001;1;1.390397;0.018019;0.121725;0.678943;0.131365
1;1000000;528001;1;1.390892;0.018000;0.121960;0.678719;0.131363
1;1000000;529001;1;1.392632;0.018013;0.122595;0.678583;0.131831
1;1000000;530001;1;1.392639;0.018018;0.121544;0.679045;0.131627
1;1000000;531001;1;1.393299;0.018001;0.122043;0.679506;0.131762
1;1000000;532001;1;1.392965;0.018035;0.121476;0.678729;0.131871
1;1000000;533001;1;1.393544;0.018308;0.122185;0.678860;0.131696
1;1000000;534001;1;1.393366;0.018007;0.122206;0.678602;0.132009
1;1000000;535001;1;1.393934;0.018322;0.122667;0.678431;0.131756
1;1000000;536001;1;1.393603;0.018012;0.121642;0.678013;0.132171
1;1000000;537001;1;1.395983;0.018019;0.122704;0.679003;0.132205
1;1000000;538001;1;1.395552;0.018333;0.122505;0.679102;0.132178
1;1000000;539001;1;1.393040;0.018320;0.118196;0.678556;0.132556
1;1000000;540001;1;1.390574;0.018340;0.117623;0.678683;0.132707
1;1000000;541001;1;1.397109;0.018005;0.122697;0.678035;0.132799
1;1000000;542001;1;1.393289;0.018323;0.117986;0.677706;0.132893
1;1000000;543001;1;1.396264;0.018048;0.122312;0.677453;0.132797
1;1000000;544001;1;1.394415;0.017675;0.118735;0.678771;0.132896
1;1000000;545001;1;1.397437;0.018000;0.122409;0.676753;0.133343
1;1000000;546001;1;1.399983;0.018022;0.122897;0.678810;0.132680
1;1000000;547001;1;1.394752;0.018345;0.118606;0.678162;0.133327
1;1000000;548001;1;1.397367;0.017999;0.122079;0.676948;0.133332
1;1000000;549001;1;1.400900;0.018040;0.123243;0.677965;0.133356
1;1000000;550001;1;1.400338;0.017992;0.122724;0.677443;0.133409
1;1000000;551001;1;1.400839;0.018007;0.123423;0.677124;0.133659
1;1000000;552001;1;1.401501;0.018009;0.122324;0.677106;0.134012
1;1000000;553001;1;1.402708;0.018150;0.123158;0.678109;0.133987
1;1000000;554001;1;1.402112;0.018131;0.123031;0.677154;0.133645
1;1000000;555001;1;1.403128;0.018009;0.123222;0.677782;0.134016
1;1000000;556001;1;1.397303;0.018338;0.118303;0.678063;0.134054
1;1000000;557001;1;1.398493;0.018333;0.119114;0.677519;0.134155
1;1000000;558001;1;1.403278;0.018010;0.122532;0.676964;0.135161
1;1000000;559001;1;1.403210;0.018034;0.122842;0.677502;0.134327
1;1000000;560001;1;1.404102;0.018003;0.123363;0.677360;0.133823
1;1000000;561001;1;1.404730;0.018003;0.123571;0.676873;0.134217
1;1000000;562001;1;1.400037;0.018324;0.119157;0.677519;0.134460
1;1000000;563001;1;1.401506;0.018334;0.119882;0.676853;0.134670
1;1000000;564001;1;1.405147;0.017996;0.123256;0.677404;0.134356
1;1000000;565001;1;1.402482;0.018333;0.119589;0.677410;0.135086
1;1000000;566001;1;1.404602;0.018035;0.122942;0.676104;0.134995
1;1000000;567001;1;1.407372;0.018006;0.123818;0.676991;0.134899
1;1000000;568001;1;1.404743;0.018009;0.122882;0.676123;0.135074
1;1000000;569001;1;1.407380;0.018016;0.123759;0.676609;0.135031
1;1000000;570001;1;1.407663;0.018005;0.123476;0.677035;0.135130
1;1000000;571001;1;1.408635;0.018010;0.124068;0.676750;0.135200
1;1000000;572001;1;1.408280;0.018024;0.123524;0.676256;0.135637
1;1000000;573001;1;1.408806;0.018008;0.123937;0.676400;0.135460
1;1000000;574001;1;1.404459;0.018329;0.120069;0.675994;0.135709
1;1000000;575001;1;1.411504;0.018021;0.123961;0.676738;0.135901
1;1000000;576001;1;1.409236;0.017989;0.123686;0.675630;0.135308
1;1000000;577001;1;1.405847;0.018313;0.120122;0.675644;0.136199
1;1000000;578001;1;1.407979;0.018023;0.123640;0.674379;0.136280
1;1000000;579001;1;1.407892;0.018014;0.120040;0.675954;0.136138
1;1000000;580001;1;1.409939;0.018010;0.123959;0.675275;0.135896
1;1000000;581001;1;1.407740;0.018011;0.120368;0.674963;0.136606
1;1000000;582001;1;1.407584;0.018317;0.120430;0.675424;0.136401
1;1000000;583001;1;1.412627;0.017983;0.124832;0.675316;0.136117
1;1000000;584001;1;1.411888;0.018017;0.123947;0.675695;0.136225
1;1000000;585001;1;1.413049;0.018015;0.124376;0.675555;0.136142
1;1000000;586001;1;1.412479;0.018032;0.123888;0.674734;0.136762
1;1000000;587001;1;1.410321;0.018006;0.120690;0.674902;0.137111
1;1000000;588001;1;1.412444;0.018017;0.123784;0.674479;0.136587
1;1000000;589001;1;1.410998;0.018308;0.120879;0.674942;0.137165
1;1000000;590001;1;1.410483;0.017997;0.120593;0.674181;0.137381
1;1000000;591001;1;1.415380;0.018031;0.124626;0.675222;0.136984
1;1000000;592001;1;1.416081;0.018008;0.124497;0.675297;0.137095
1;1000000;593001;1;1.416177;0.018048;0.124519;0.674266;0.137075
1;1000000;594001;1;1.411988;0.018041;0.120459;0.673618;0.137657
1;1000000;595001;1;1.415410;0.018006;0.120903;0.673913;0.140374
1;1000000;596001;1;1.412091;0.018309;0.120817;0.674356;0.137381
1;1000000;597001;1;1.412768;0.018047;0.120428;0.674100;0.138035
1;1000000;598001;1;1.414601;0.018323;0.121512;0.673410;0.138381
1;1000000;599001;1;1.416692;0.018010;0.124728;0.673641;0.137486
1;1000000;600001;1;1.414060;0.018012;0.121071;0.673013;0.138271
1;1000000;601001;1;1.416117;0.018009;0.124688;0.672014;0.137864
1;1000000;602001;1;1.414499;0.017998;0.120982;0.672776;0.138430
1;1000000;603001;1;1.414551;0.017993;0.120687;0.673118;0.138529
1;1000000;604001;1;1.415118;0.018002;0.120985;0.672924;0.138593
1;1000000;605001;1;1.415162;0.018306;0.121178;0.672472;0.138546
1;1000000;606001;1;1.415496;0.017994;0.121083;0.672622;0.138903
1;1000000;607001;1;1.413779;0.018023;0.120131;0.671922;0.138897
1;1000000;608001;1;1.416049;0.018313;0.121611;0.672396;0.138489
1;1000000;609001;1;1.419335;0.018017;0.124848;0.670890;0.138885
1;1000000;610001;1;1.417198;0.017997;0.121924;0.672270;0.138722
1;1000000;611001;1;1.416352;0.017981;0.120986;0.671632;0.139396
1;1000000;612001;1;1.418428;0.018335;0.122073;0.672510;0.138856
1;1000000;613001;1;1.417475;0.017998;0.120759;0.672367;0.139435
1;1000000;614001;1;1.417635;0.018013;0.121788;0.671313;0.139513
1;1000000;615001;1;1.416337;0.018011;0.121388;0.670123;0.139087
1;1000000;616001;1;1.419601;0.018009;0.121694;0.671924;0.139565
1;1000000;617001;1;1.417705;0.018441;0.121873;0.670065;0.139307
1;1000000;618001;1;1.419292;0.018076;0.121802;0.670430;0.139835
1;1000000;619001;1;1.418602;0.018113;0.120634;0.671161;0.140273
1;1000000;620001;1;1.425300;0.018014;0.126140;0.671352;0.140169
1;1000000;621001;1;1.419440;0.018008;0.121116;0.671465;0.140018
1;1000000;622001;1;1.420467;0.018307;0.122908;0.670028;0.139579
1;1000000;623001;1;1.421777;0.019812;0.121693;0.669908;0.140229
1;1000000;624001;1;1.424504;0.018021;0.126195;0.669842;0.139974
1;1000000;625001;1;1.418903;0.018011;0.120978;0.668952;0.140664
1;1000000;626001;1;1.421413;0.018017;0.121857;0.669264;0.140612
1;1000000;627001;1;1.420526;0.018285;0.122095;0.669488;0.140346
1;1000000;628001;1;1.422076;0.018073;0.122782;0.669310;0.140393
1;1000000;629001;1;1.422054;0.017991;0.122054;0.668781;0.140380
1;1000000;630001;1;1.422579;0.017995;0.121639;0.670041;0.140678
1;1000000;631001;1;1.427291;0.018005;0.125970;0.669509;0.140744
1;1000000;632001;1;1.423052;0.018016;0.121877;0.669634;0.140566
1;1000000;633001;1;1.421951;0.018001;0.121445;0.668678;0.141071
1;1000000;634001;1;1.428026;0.018000;0.126375;0.668391;0.141358
1;1000000;635001;1;1.422146;0.018024;0.121667;0.667940;0.141117
1;1000000;636001;1;1.423496;0.017976;0.121770;0.667344;0.141635
1;1000000;637001;1;1.424174;0.017991;0.121353;0.668812;0.141869
1;1000000;638001;1;1.424138;0.018007;0.122593;0.667222;0.141316
1;1000000;639001;1;1.425170;0.018004;0.122567;0.668052;0.141389
1;1000000;640001;1;1.426747;0.017983;0.123163;0.667680;0.141895
1;1000000;641001;1;1.432080;0.018003;0.121776;0.667242;0.141731
1;1000000;642001;1;1.442694;0.017986;0.124886;0.675610;0.141841
1;1000000;643001;1;1.425575;0.017977;0.122778;0.666409;0.141690
1;1000000;644001;1;1.428800;0.018006;0.122789;0.666254;0.144560
1;1000000;645001;1;1.423761;0.018001;0.121843;0.665675;0.142086
1;1000000;646001;1;1.426268;0.018020;0.122799;0.665721;0.142030
1;1000000;647001;1;1.428102;0.018131;0.122526;0.667715;0.141967
1;1000000;648001;1;1.427831;0.018018;0.122699;0.667169;0.142108
1;1000000;649001;1;1.429750;0.018013;0.125559;0.664944;0.142425
1;1000000;650001;1;1.427480;0.018029;0.123310;0.665453;0.142573
1;1000000;651001;1;1.428603;0.018306;0.123208;0.666010;0.142409
1;1000000;652001;1;1.435225;0.018020;0.127868;0.665920;0.142552
1;1000000;653001;1;1.427412;0.018104;0.122003;0.665324;0.142743
1;1000000;654001;1;1.427240;0.018021;0.122779;0.663593;0.142984
1;1000000;655001;1;1.428731;0.018033;0.122352;0.665728;0.143268
1;1000000;656001;1;1.427444;0.018010;0.123237;0.663099;0.142870
1;1000000;657001;1;1.429014;0.018017;0.122901;0.664595;0.143240
1;1000000;658001;1;1.430706;0.018299;0.124123;0.664147;0.143172
1;1000000;659001;1;1.430112;0.018021;0.122564;0.664317;0.143317
1;1000000;660001;1;1.438095;0.018006;0.123719;0.669582;0.143417
1;1000000;661001;1;1.429257;0.018025;0.122449;0.663605;0.143656
1;1000000;662001;1;1.428184;0.018056;0.122801;0.662901;0.143679
1;1000000;663001;1;1.435519;0.018338;0.124736;0.664441;0.143897
1;1000000;664001;1;1.430481;0.018025;0.122969;0.662990;0.143685
1;1000000;665001;1;1.427353;0.018370;0.121128;0.662510;0.143983
1;1000000;666001;1;1.430077;0.018008;0.123013;0.661570;0.144386
1;1000000;667001;1;1.429464;0.018894;0.120063;0.662769;0.144226
1;1000000;668001;1;1.431687;0.017987;0.123547;0.662162;0.144381
1;1000000;669001;1;1.432904;0.018007;0.123605;0.662603;0.144190
1;1000000;670001;1;1.428745;0.018362;0.120012;0.661974;0.144387
1;1000000;671001;1;1.433135;0.018003;0.124495;0.661424;0.144488
1;1000000;672001;1;1.430864;0.018011;0.123630;0.660375;0.144331
1;1000000;673001;1;1.430748;0.018305;0.121060;0.661990;0.144689
1;1000000;674001;1;1.433233;0.018315;0.124246;0.660712;0.143978
1;1000000;675001;1;1.430119;0.018319;0.121404;0.660638;0.144739
1;1000000;676001;1;1.433391;0.018022;0.124199;0.660181;0.144974
1;1000000;677001;1;1.433591;0.018001;0.124067;0.659496;0.145052
1;1000000;678001;1;1.435832;0.018014;0.123797;0.660977;0.145611
1;1000000;679001;1;1.431735;0.018440;0.120960;0.661033;0.145404
1;1000000;680001;1;1.437760;0.018124;0.124261;0.660828;0.145193
1;1000000;681001;1;1.436803;0.017976;0.124446;0.659579;0.145446
1;1000000;682001;1;1.436112;0.017994;0.123739;0.659583;0.145292
1;1000000;683001;1;1.432135;0.018326;0.121095;0.659817;0.145499
1;1000000;684001;1;1.432508;0.018024;0.120669;0.660074;0.145551
1;1000000;685001;1;1.437702;0.018014;0.124480;0.659794;0.145988
1;1000000;686001;1;1.437624;0.018069;0.124349;0.658568;0.145999
1;1000000;687001;1;1.436512;0.018083;0.124830;0.657927;0.145792
1;1000000;688001;1;1.434710;0.018024;0.123266;0.658075;0.146075
1;1000000;689001;1;1.436949;0.018019;0.124506;0.658005;0.146053
1;1000000;690001;1;1.437190;0.018017;0.124063;0.658854;0.145899
1;1000000;691001;1;1.435852;0.018025;0.125276;0.656373;0.145389
1;1000000;692001;1;1.437595;0.017999;0.123925;0.657028;0.146493
1;1000000;693001;1;1.439249;0.018011;0.124784;0.657412;0.146716
1;1000000;694001;1;1.437287;0.018016;0.124481;0.656769;0.146208
1;1000000;695001;1;1.437577;0.018035;0.124720;0.656699;0.146006
1;1000000;696001;1;1.437447;0.018029;0.124355;0.656664;0.147011
1;1000000;697001;1;1.438248;0.018007;0.124247;0.656732;0.146366
1;1000000;698001;1;1.440160;0.018001;0.124926;0.657654;0.146822
1;1000000;699001;1;1.439130;0.017996;0.124523;0.656087;0.146621
1;1000000;700001;1;1.438970;0.018023;0.124503;0.656418;0.146841
1;1000000;701001;1;1.438133;0.018133;0.124516;0.654872;0.147406
1;1000000;702001;1;1.438963;0.018009;0.124685;0.654758;0.147344
1;1000000;703001;1;1.437089;0.018359;0.121942;0.655309;0.147178
1;1000000;704001;1;1.439989;0.018006;0.125289;0.655240;0.147063
1;1000000;705001;1;1.439769;0.018004;0.124868;0.655293;0.146895
1;1000000;706001;1;1.442138;0.018017;0.125817;0.655816;0.147516
1;1000000;707001;1;1.439845;0.018015;0.124838;0.654626;0.147315
1;1000000;708001;1;1.441437;0.018010;0.125079;0.654147;0.147644
1;1000000;709001;1;1.440177;0.018016;0.124983;0.653650;0.147624
1;1000000;710001;1;1.437196;0.018003;0.121703;0.653320;0.148115
1;1000000;711001;1;1.436481;0.018013;0.121706;0.653295;0.148371
1;1000000;712001;1;1.440546;0.018006;0.125364;0.652445;0.147861
1;1000000;713001;1;1.437720;0.018015;0.121460;0.652896;0.148159
1;1000000;714001;1;1.442837;0.018022;0.125883;0.652990;0.148452
1;1000000;715001;1;1.439846;0.018006;0.124789;0.652465;0.148203
1;1000000;716001;1;1.439011;0.018002;0.122048;0.652796;0.148724
1;1000000;717001;1;1.438912;0.018313;0.122146;0.650208;0.148873
1;1000000;718001;1;1.441639;0.017986;0.126039;0.651144;0.148071
1;1000000;719001;1;1.437402;0.017997;0.121985;0.649653;0.148817
1;1000000;720001;1;1.443341;0.018117;0.125490;0.651947;0.148649
1;1000000;721001;1;1.441766;0.018022;0.125705;0.651366;0.148597
1;1000000;722001;1;1.442614;0.018079;0.122475;0.653086;0.149503
1;1000000;723001;1;1.439030;0.018005;0.122127;0.649655;0.148949
1;1000000;724001;1;1.439112;0.018332;0.123231;0.649288;0.149168
1;1000000;725001;1;1.443842;0.018002;0.125637;0.650263;0.148990
1;1000000;726001;1;1.441936;0.017590;0.123367;0.651628;0.148924
1;1000000;727001;1;1.443824;0.017995;0.125616;0.649922;0.149240
1;1000000;728001;1;1.441705;0.017998;0.122943;0.649460;0.149624
1;1000000;729001;1;1.440797;0.018297;0.122517;0.650040;0.149786
1;1000000;730001;1;1.443625;0.018009;0.122622;0.649025;0.149686
1;1000000;731001;1;1.442146;0.018001;0.122689;0.648307;0.150307
1;1000000;732001;1;1.441123;0.018309;0.122835;0.648645;0.149801
1;1000000;733001;1;1.442926;0.018010;0.123151;0.649192;0.150238
1;1000000;734001;1;1.441033;0.018303;0.123077;0.647396;0.150118
1;1000000;735001;1;1.442420;0.018021;0.123039;0.647871;0.150499
1;1000000;736001;1;1.446326;0.018017;0.125846;0.649064;0.149804
1;1000000;737001;1;1.447184;0.018031;0.126480;0.647733;0.150052
1;1000000;738001;1;1.447199;0.018018;0.126467;0.647807;0.150004
1;1000000;739001;1;1.447287;0.018018;0.126359;0.647622;0.150432
1;1000000;740001;1;1.446748;0.018148;0.126464;0.647214;0.150162
1;1000000;741001;1;1.443029;0.018122;0.123520;0.646048;0.150152
1;1000000;742001;1;1.442741;0.018015;0.123989;0.645171;0.150133
1;1000000;743001;1;1.445009;0.017999;0.126497;0.644509;0.150774
1;1000000;744001;1;1.443091;0.018017;0.122358;0.646119;0.151219
1;1000000;745001;1;1.443280;0.018011;0.122791;0.644944;0.151230
1;1000000;746001;1;1.443566;0.018055;0.122585;0.645622;0.151460
1;1000000;747001;1;1.444725;0.018031;0.123218;0.645022;0.151854
1;1000000;748001;1;1.447561;0.018538;0.126103;0.644892;0.151205
1;1000000;749001;1;1.445385;0.018005;0.123598;0.644901;0.151457
1;1000000;750001;1;1.443495;0.017993;0.123083;0.644135;0.150990
1;1000000;751001;1;1.444704;0.018019;0.123119;0.643369;0.151735
1;1000000;752001;1;1.449235;0.018008;0.127013;0.644579;0.151273
1;1000000;753001;1;1.447626;0.017989;0.123232;0.644866;0.151326
1;1000000;754001;1;1.445887;0.018025;0.123150;0.644101;0.151728
1;1000000;755001;1;1.444237;0.018000;0.122712;0.643337;0.152181
1;1000000;756001;1;1.445743;0.018006;0.123520;0.642594;0.152414
1;1000000;757001;1;1.446793;0.018003;0.122704;0.643748;0.152031
1;1000000;758001;1;1.445580;0.018018;0.123323;0.642603;0.152216
1;1000000;759001;1;1.447763;0.018014;0.126929;0.640632;0.152124
1;1000000;760001;1;1.445934;0.018016;0.123028;0.641866;0.152808
1;1000000;761001;1;1.446525;0.018308;0.124134;0.641933;0.152113
1;1000000;762001;1;1.445327;0.017681;0.124043;0.640294;0.152180
1;1000000;763001;1;1.448912;0.017992;0.122864;0.640876;0.153065
1;1000000;764001;1;1.447683;0.018022;0.123892;0.641163;0.152694
1;1000000;765001;1;1.450509;0.018038;0.126934;0.640854;0.152774
1;1000000;766001;1;1.451420;0.018002;0.127223;0.640846;0.152907
1;1000000;767001;1;1.445591;0.018018;0.122911;0.639358;0.153351
1;1000000;768001;1;1.454298;0.019828;0.127507;0.641022;0.153102
1;1000000;769001;1;1.448109;0.018023;0.123599;0.640648;0.152850
1;1000000;770001;1;1.450573;0.018021;0.126396;0.639158;0.153116
1;1000000;771001;1;1.448389;0.018338;0.124745;0.639908;0.152832
1;1000000;772001;1;1.452566;0.018017;0.127956;0.638897;0.153281
1;1000000;773001;1;1.449744;0.018129;0.123581;0.640319;0.153548
1;1000000;774001;1;1.452888;0.018333;0.127837;0.638227;0.153026
1;1000000;775001;1;1.450881;0.018008;0.124711;0.639426;0.154252
1;1000000;776001;1;1.448834;0.018165;0.124224;0.637719;0.153855
1;1000000;777001;1;1.450804;0.018423;0.124696;0.637816;0.154034
1;1000000;778001;1;1.448972;0.018014;0.124271;0.638037;0.153439
1;1000000;779001;1;1.450868;0.018307;0.125001;0.637713;0.154149
1;1000000;780001;1;1.497459;0.018119;0.139671;0.637475;0.169676
1;1000000;781001;1;1.448864;0.018392;0.124917;0.635442;0.154227
1;1000000;782001;1;1.448746;0.018008;0.124485;0.635702;0.153597
1;1000000;783001;1;1.447240;0.018018;0.123855;0.635315;0.153812
1;1000000;784001;1;1.450810;0.018011;0.124280;0.636435;0.154618
1;1000000;785001;1;1.450260;0.018310;0.125293;0.634719;0.154027
1;1000000;786001;1;1.450037;0.018003;0.124434;0.635948;0.154239
1;1000000;787001;1;1.448920;0.018017;0.124328;0.634506;0.154193
1;1000000;788001;1;1.452190;0.017998;0.125336;0.635248;0.154726
1;1000000;789001;1;1.447463;0.018313;0.122220;0.634131;0.154640
1;1000000;790001;1;1.453196;0.018014;0.124376;0.634648;0.155036
1;1000000;791001;1;1.451365;0.018018;0.124436;0.634535;0.154989
1;1000000;792001;1;1.452194;0.018012;0.124924;0.634463;0.154715
1;1000000;793001;1;1.455670;0.018023;0.124332;0.635809;0.157966
1;1000000;794001;1;1.452489;0.018015;0.124931;0.633760;0.154851
1;1000000;795001;1;1.452320;0.018004;0.124436;0.633791;0.155317
1;1000000;796001;1;1.454464;0.018344;0.126340;0.634064;0.154947
1;1000000;797001;1;1.450427;0.018008;0.124188;0.632644;0.155677
1;1000000;798001;1;1.452578;0.018001;0.124995;0.632152;0.155741
1;1000000;799001;1;1.450834;0.018323;0.125127;0.632292;0.155092
1;1000000;800001;1;1.454025;0.018002;0.124793;0.633818;0.155939
1;1000000;801001;1;1.453463;0.018029;0.124821;0.632543;0.156861
1;1000000;802001;1;1.454086;0.018099;0.125211;0.632184;0.155618
1;1000000;803001;1;1.453300;0.018013;0.124951;0.632304;0.155860
1;1000000;804001;1;1.454759;0.018013;0.125448;0.631835;0.156938
1;1000000;805001;1;1.453338;0.018022;0.124358;0.631364;0.156420
1;1000000;806001;1;1.453410;0.018001;0.125573;0.629897;0.156151
1;1000000;807001;1;1.450896;0.017990;0.125229;0.629554;0.155322
1;1000000;808001;1;1.454961;0.017999;0.125941;0.631021;0.156186
1;1000000;809001;1;1.452761;0.018001;0.124996;0.629042;0.156649
1;1000000;810001;1;1.454252;0.018009;0.125454;0.630408;0.156252
1;1000000;811001;1;1.454391;0.017995;0.125228;0.629886;0.156088
1;1000000;812001;1;1.457833;0.017999;0.125567;0.630399;0.157193
1;1000000;813001;1;1.455727;0.018007;0.125876;0.629932;0.156650
1;1000000;814001;1;1.451998;0.018322;0.123155;0.628756;0.157174
1;1000000;815001;1;1.454649;0.018017;0.125261;0.627814;0.156581
1;1000000;816001;1;1.453255;0.018334;0.122937;0.630036;0.156864
1;1000000;817001;1;1.456700;0.018074;0.125539;0.629560;0.156990
1;1000000;818001;1;1.454162;0.018119;0.125901;0.626841;0.157067
1;1000000;819001;1;1.453006;0.017990;0.122528;0.629077;0.157435
1;1000000;820001;1;1.456971;0.018019;0.125881;0.628319;0.157742
1;1000000;821001;1;1.452208;0.018307;0.122845;0.627090;0.157630
1;1000000;822001;1;1.455624;0.018009;0.125900;0.626085;0.156939
1;1000000;823001;1;1.453598;0.018324;0.123342;0.627240;0.158048
1;1000000;824001;1;1.456521;0.018121;0.125646;0.626015;0.158238
1;1000000;825001;1;1.455952;0.018027;0.122982;0.627732;0.157674
1;1000000;826001;1;1.459003;0.018008;0.125823;0.625477;0.157970
1;1000000;827001;1;1.456941;0.017994;0.126171;0.626113;0.157593
1;1000000;828001;1;1.452404;0.018320;0.123286;0.624270;0.157770
1;1000000;829001;1;1.455589;0.018000;0.123398;0.626538;0.158375
1;1000000;830001;1;1.455630;0.018005;0.125891;0.624329;0.157958
1;1000000;831001;1;1.455229;0.018318;0.124097;0.624268;0.158251
1;1000000;832001;1;1.457773;0.018019;0.125838;0.624430;0.158395
1;1000000;833001;1;1.459162;0.018009;0.126635;0.625076;0.159047
1;1000000;834001;1;1.456412;0.018040;0.125358;0.623979;0.159065
1;1000000;835001;1;1.478119;0.018124;0.131368;0.629386;0.159047
1;1000000;836001;1;1.464069;0.018013;0.133497;0.622725;0.158495
1;1000000;837001;1;1.458236;0.017949;0.126133;0.623996;0.158485
1;1000000;838001;1;1.456365;0.018008;0.123525;0.622989;0.159590
1;1000000;839001;1;1.459604;0.017999;0.126496;0.622903;0.158630
1;1000000;840001;1;1.462436;0.018004;0.126559;0.624374;0.159236
1;1000000;841001;1;1.457039;0.018011;0.123108;0.623853;0.159471
1;1000000;842001;1;1.457534;0.018023;0.126301;0.621135;0.159502
1;1000000;843001;1;1.456931;0.018014;0.123415;0.622503;0.159685
1;1000000;844001;1;1.459625;0.018117;0.126843;0.620252;0.159448
1;1000000;845001;1;1.481860;0.018025;0.122964;0.620559;0.169320
1;1000000;846001;1;1.460548;0.018081;0.126739;0.621417;0.159469
1;1000000;847001;1;1.460610;0.018015;0.127208;0.621725;0.159489
1;1000000;848001;1;1.458492;0.018000;0.124263;0.620561;0.160891
1;1000000;849001;1;1.456854;0.018355;0.123552;0.620192;0.160311
1;1000000;850001;1;1.457682;0.018318;0.124350;0.620208;0.160283
1;1000000;851001;1;1.460011;0.017997;0.126685;0.618533;0.159917
1;1000000;852001;1;1.459177;0.018059;0.126846;0.619714;0.159465
1;1000000;853001;1;1.459809;0.018020;0.127042;0.618797;0.159676
1;1000000;854001;1;1.461734;0.018106;0.126671;0.620805;0.160442
1;1000000;855001;1;1.461579;0.018543;0.126953;0.618703;0.160536
1;1000000;856001;1;1.457277;0.018071;0.123769;0.618248;0.161059
1;1000000;857001;1;1.461855;0.018041;0.127310;0.619389;0.159923
1;1000000;858001;1;1.461138;0.018015;0.126937;0.618689;0.160306
1;1000000;859001;1;1.460985;0.018100;0.127374;0.617232;0.160165
1;1000000;860001;1;1.461147;0.018009;0.127211;0.617462;0.160001
1;1000000;861001;1;1.460780;0.018010;0.124348;0.618515;0.160925
1;1000000;862001;1;1.461028;0.018015;0.127041;0.616920;0.160562
1;1000000;863001;1;1.462243;0.018036;0.127031;0.617254;0.161023
1;1000000;864001;1;1.460472;0.018005;0.126861;0.615509;0.161194
1;1000000;865001;1;1.459501;0.018010;0.124815;0.615608;0.161339
1;1000000;866001;1;1.461217;0.018002;0.127113;0.616270;0.160735
1;1000000;867001;1;1.462682;0.018046;0.127446;0.616018;0.161580
1;1000000;868001;1;1.459575;0.018008;0.124337;0.616117;0.161598
1;1000000;869001;1;1.462030;0.017997;0.125206;0.616532;0.161786
1;1000000;870001;1;1.460185;0.017997;0.124534;0.614884;0.162049
1;1000000;871001;1;1.464939;0.018012;0.127968;0.616039;0.161859
1;1000000;872001;1;1.459110;0.018062;0.124622;0.613897;0.161844
1;1000000;873001;1;1.464149;0.018003;0.127913;0.614800;0.161196
1;1000000;874001;1;1.461292;0.017994;0.124451;0.614944;0.162365
1;1000000;875001;1;1.466872;0.018078;0.128017;0.615329;0.161782
1;1000000;876001;1;1.464515;0.018112;0.124739;0.614784;0.162315
1;1000000;877001;1;1.461917;0.018130;0.125280;0.613853;0.161648
1;1000000;878001;1;1.463591;0.018042;0.127572;0.612898;0.162191
1;1000000;879001;1;1.463453;0.018009;0.124626;0.613988;0.162853
1;1000000;880001;1;1.462447;0.018069;0.124867;0.612475;0.162547
1;1000000;881001;1;1.463039;0.018022;0.125045;0.614170;0.162650
1;1000000;882001;1;1.462846;0.017998;0.124902;0.613681;0.162622
1;1000000;883001;1;1.464754;0.018015;0.128370;0.611699;0.162355
1;1000000;884001;1;1.462973;0.018002;0.124713;0.612300;0.162793
1;1000000;885001;1;1.466867;0.018005;0.128077;0.613348;0.162995
1;1000000;886001;1;1.461628;0.018013;0.125113;0.611603;0.162724
1;1000000;887001;1;1.460623;0.018015;0.125065;0.610331;0.162580
1;1000000;888001;1;1.462706;0.018057;0.124684;0.610693;0.164316
1;1000000;889001;1;1.465384;0.018007;0.128177;0.610414;0.163396
1;1000000;890001;1;1.462997;0.018009;0.125369;0.610545;0.163272
1;1000000;891001;1;1.464384;0.018001;0.128480;0.608356;0.162950
1;1000000;892001;1;1.464769;0.018311;0.125617;0.611483;0.163481
1;1000000;893001;1;1.463476;0.018017;0.125613;0.609468;0.163549
1;1000000;894001;1;1.465319;0.018307;0.126148;0.611024;0.163122
1;1000000;895001;1;1.464988;0.018308;0.127034;0.609089;0.163927
1;1000000;896001;1;1.463862;0.018013;0.125208;0.609156;0.163890
1;1000000;897001;1;1.463805;0.018016;0.125852;0.608821;0.164108
1;1000000;898001;1;1.462151;0.018007;0.125171;0.607567;0.163912
1;1000000;899001;1;1.467435;0.017911;0.128682;0.608354;0.163977
1;1000000;900001;1;1.462222;0.018015;0.125849;0.606229;0.163798
1;1000000;901001;1;1.468572;0.018079;0.126137;0.610138;0.164086
1;1000000;902001;1;1.470481;0.018019;0.128824;0.609460;0.164403
1;1000000;903001;1;1.463888;0.018010;0.125614;0.606453;0.164768
1;1000000;904001;1;1.464033;0.017952;0.125624;0.606919;0.163850
1;1000000;905001;1;1.467731;0.018314;0.127097;0.608386;0.164889
1;1000000;906001;1;1.467838;0.018324;0.126726;0.607563;0.165217
1;1000000;907001;1;1.466673;0.018145;0.125931;0.606939;0.165187
1;1000000;908001;1;1.463996;0.018014;0.125799;0.605298;0.164572
1;1000000;909001;1;1.466910;0.018017;0.126108;0.606386;0.165054
1;1000000;910001;1;1.467554;0.018395;0.126550;0.606612;0.165290
1;1000000;911001;1;1.465252;0.018068;0.126070;0.605100;0.165475
1;1000000;912001;1;1.539208;0.018294;0.141938;0.604586;0.189996
1;1000000;913001;1;1.468723;0.018007;0.126616;0.605812;0.165295
1;1000000;914001;1;1.467768;0.018309;0.126979;0.604974;0.165005
1;1000000;915001;1;1.468116;0.018019;0.126444;0.604672;0.165634
1;1000000;916001;1;1.470337;0.018095;0.126766;0.604776;0.165731
1;1000000;917001;1;1.469961;0.018322;0.127289;0.605996;0.165290
1;1000000;918001;1;1.469020;0.018313;0.127067;0.604747;0.165319
1;1000000;919001;1;1.468769;0.018007;0.126787;0.602937;0.166273
1;1000000;920001;1;1.467996;0.017999;0.126296;0.602979;0.165877
1;1000000;921001;1;1.469796;0.018024;0.126421;0.604448;0.165661
1;1000000;922001;1;1.466350;0.018355;0.127481;0.601801;0.165760
1;1000000;923001;1;1.468731;0.018011;0.126732;0.601685;0.166446
1;1000000;924001;1;1.466879;0.018012;0.126375;0.602350;0.165764
1;1000000;925001;1;1.471342;0.018155;0.126942;0.601615;0.166297
1;1000000;926001;1;1.469575;0.018005;0.126501;0.602218;0.167074
1;1000000;927001;1;1.469552;0.017999;0.126964;0.601420;0.166700
1;1000000;928001;1;1.469090;0.018019;0.126867;0.602020;0.166583
1;1000000;929001;1;1.469815;0.018004;0.127164;0.601997;0.166279
1;1000000;930001;1;1.470609;0.017902;0.126579;0.602001;0.167052
1;1000000;931001;1;1.468942;0.018002;0.126683;0.601192;0.166486
1;1000000;932001;1;1.469597;0.018018;0.126976;0.600422;0.166987
1;1000000;933001;1;1.471298;0.018021;0.127645;0.600384;0.167431
1;1000000;934001;1;1.471579;0.018019;0.127205;0.600537;0.166636
1;1000000;935001;1;1.468287;0.018019;0.126745;0.598662;0.167490
1;1000000;936001;1;1.470997;0.018022;0.127146;0.600373;0.167560
1;1000000;937001;1;1.468658;0.018011;0.127222;0.598680;0.166913
1;1000000;938001;1;1.466821;0.018336;0.124991;0.598289;0.167580
1;1000000;939001;1;1.470220;0.017997;0.126831;0.598598;0.168078
1;1000000;940001;1;1.469605;0.018343;0.125303;0.599686;0.167947
1;1000000;941001;1;1.470702;0.017996;0.127336;0.598355;0.167485
1;1000000;942001;1;1.467665;0.018344;0.125352;0.597736;0.167430
1;1000000;943001;1;1.468146;0.018333;0.124843;0.598432;0.168156
1;1000000;944001;1;1.473578;0.018015;0.127465;0.599847;0.167511
1;1000000;945001;1;1.468286;0.018417;0.125501;0.596233;0.168393
1;1000000;946001;1;1.471768;0.018011;0.127768;0.597281;0.167852
1;1000000;947001;1;1.472319;0.018148;0.127617;0.597064;0.168380
1;1000000;948001;1;1.471715;0.018346;0.125336;0.598406;0.169077
1;1000000;949001;1;1.469697;0.018329;0.125148;0.596773;0.168674
1;1000000;950001;1;1.474273;0.018086;0.127215;0.597673;0.168252
1;1000000;951001;1;1.473029;0.018003;0.128123;0.596536;0.168129
1;1000000;952001;1;1.471434;0.018027;0.127133;0.596775;0.168293
1;1000000;953001;1;1.472461;0.018027;0.127747;0.595418;0.168442
1;1000000;954001;1;1.473731;0.018017;0.127511;0.596450;0.168698
1;1000000;955001;1;1.473615;0.018022;0.128284;0.595260;0.169169
1;1000000;956001;1;1.473649;0.018010;0.127063;0.596226;0.169669
1;1000000;957001;1;1.471417;0.018012;0.125447;0.595209;0.169626
1;1000000;958001;1;1.472623;0.018856;0.125298;0.595959;0.169535
1;1000000;959001;1;1.471493;0.018328;0.126243;0.593911;0.169263
1;1000000;960001;1;1.473769;0.018003;0.128316;0.594225;0.169359
1;1000000;961001;1;1.475591;0.018123;0.127803;0.594647;0.169774
1;1000000;962001;1;1.474371;0.018015;0.127678;0.593855;0.168971
1;1000000;963001;1;1.474520;0.018015;0.127604;0.592599;0.169787
1;1000000;964001;1;1.473173;0.018005;0.127936;0.592339;0.169145
1;1000000;965001;1;1.471988;0.018336;0.126257;0.593315;0.169541
1;1000000;966001;1;1.477350;0.018031;0.127630;0.593946;0.169584
1;1000000;967001;1;1.475041;0.018327;0.126105;0.594295;0.170121
1;1000000;968001;1;1.471577;0.018011;0.125441;0.592520;0.169505
1;1000000;969001;1;1.477752;0.017997;0.128458;0.592845;0.170124
1;1000000;970001;1;1.476284;0.018016;0.127990;0.591754;0.170634
1;1000000;971001;1;1.475219;0.018316;0.126233;0.593254;0.170847
1;1000000;972001;1;1.476983;0.018024;0.128405;0.592145;0.171073
1;1000000;973001;1;1.474319;0.018340;0.126586;0.591392;0.170333
1;1000000;974001;1;1.477183;0.018012;0.127989;0.591327;0.170175
1;1000000;975001;1;1.476415;0.018014;0.128757;0.590731;0.170126
1;1000000;976001;1;1.475457;0.018057;0.128179;0.590367;0.169964
1;1000000;977001;1;1.476287;0.018017;0.128713;0.590142;0.170101
1;1000000;978001;1;1.476614;0.018020;0.127830;0.591419;0.170660
1;1000000;979001;1;1.474028;0.018002;0.126391;0.589886;0.170580
1;1000000;980001;1;1.473775;0.017862;0.125608;0.590054;0.171413
1;1000000;981001;1;1.475688;0.018029;0.128536;0.588306;0.171176
1;1000000;982001;1;1.475360;0.018015;0.128011;0.589485;0.170350
1;1000000;983001;1;1.477127;0.018022;0.128472;0.589436;0.171239
1;1000000;984001;1;1.474299;0.018010;0.125809;0.588397;0.171585
1;1000000;985001;1;1.476573;0.018004;0.126771;0.588999;0.171859
1;1000000;986001;1;1.475159;0.017989;0.128008;0.587410;0.171325
1;1000000;987001;1;1.477070;0.018016;0.126615;0.589122;0.171321
1;1000000;988001;1;1.475959;0.018013;0.128119;0.587023;0.171437
1;1000000;989001;1;1.475910;0.018327;0.127316;0.587320;0.172066
1;1000000;990001;1;1.476208;0.018014;0.126174;0.588048;0.172038
1;1000000;991001;1;1.476142;0.018317;0.128590;0.586301;0.171250
1;1000000;992001;1;1.475604;0.018329;0.126822;0.587273;0.171088
1;1000000;993001;1;1.477607;0.018317;0.127136;0.588024;0.172287
1;1000000;994001;1;1.474340;0.018328;0.126722;0.585783;0.171901
1;1000000;995001;1;1.477333;0.018042;0.126250;0.586385;0.172569
1;1000000;996001;1;1.477407;0.018318;0.127655;0.586078;0.171983
1;1000000;997001;1;1.475256;0.018002;0.126371;0.584891;0.172781
1;1000000;998001;1;1.477414;0.018020;0.127149;0.585573;0.172333
1;1000000;999001;1;1.479178;0.018031;0.128745;0.585361;0.172402
